{"val_loss": 3.6577322962996246, "train_loss": 3.977423070096656, "pearson_correlation": 0.27643109908638785, "_timestamp": 1654854195, "_runtime": 34, "_step": 7, "_wandb": {"runtime": 39}}